{"loss": [3.650904893875122, 3.4366366863250732, 3.094736099243164, 2.695472002029419, 2.3139030933380127, 1.9565671682357788, 1.6374921798706055, 1.4627044200897217, 1.108853816986084, 0.9986776113510132], "accuracy": [0.03244191035628319, 0.08022797107696533, 0.14818061888217926, 0.23717667162418365, 0.3296799659729004, 0.4252520799636841, 0.49145111441612244, 0.5488820672035217, 0.6602367162704468, 0.6891714334487915], "val_loss": [3.592625141143799, 3.1517035961151123, 3.1340248584747314, 2.410775661468506, 2.393197536468506, 2.0543341636657715, 1.6341073513031006, 1.4915696382522583, 1.609474778175354, 1.3343948125839233], "val_accuracy": [0.04022988677024841, 0.13362069427967072, 0.14152298867702484, 0.29669541120529175, 0.29813218116760254, 0.4080459773540497, 0.5215517282485962, 0.5625, 0.5545976758003235, 0.618534505367279]}